{
  "uas":89.3484892899,
  "las":86.0437090838,
  "ents_p":0.0,
  "ents_r":0.0,
  "ents_f":0.0,
  "tags_acc":98.0969122592,
  "token_acc":100.0
}