{
  "uas":85.6655845918,
  "las":80.8928745915,
  "ents_p":0.0,
  "ents_r":0.0,
  "ents_f":0.0,
  "tags_acc":97.5657291348,
  "token_acc":100.0
}