{
  "uas":89.4638552909,
  "las":86.1327658466,
  "ents_p":0.0,
  "ents_r":0.0,
  "ents_f":0.0,
  "tags_acc":98.058697646,
  "token_acc":100.0
}