{
  "uas":89.0309833467,
  "las":85.5439998263,
  "ents_p":0.0,
  "ents_r":0.0,
  "ents_f":0.0,
  "tags_acc":98.0567869153,
  "token_acc":100.0
}