{
  "uas":88.3043284733,
  "las":84.5436484242,
  "ents_p":0.0,
  "ents_r":0.0,
  "ents_f":0.0,
  "tags_acc":97.9688933048,
  "token_acc":100.0
}