{
  "uas":89.0046899427,
  "las":85.3634705576,
  "ents_p":0.0,
  "ents_r":0.0,
  "ents_f":0.0,
  "tags_acc":98.018572302,
  "token_acc":100.0
}