{
  "uas":87.7501167121,
  "las":83.7091643415,
  "ents_p":0.0,
  "ents_r":0.0,
  "ents_f":0.0,
  "tags_acc":97.848517273,
  "token_acc":100.0
}